customer_segment,churn,monthly_charges,tenure_months,count,percentage
At-Risk High Value,26.47058823529412,84.2963427960393,172.98529411764707,34,0.33999999999999997
Champions,10.0,98.58268619896268,154.1,10,0.1
Critical,25.10568341944575,64.73400648185796,26.010744480976985,8516,85.16
Low Value Loyal,25.44776119402985,65.1110545432084,53.63880597014926,1340,13.4
Other,32.0,66.62342520867134,,100,1.0
